test_example_id,predicted_category
0,m
1,m
2,m
3,m
4,m
5,m
6,m
7,m
8,m
9,m
10,m
11,m
12,f
13,m
14,m
15,m
16,m
17,m
18,m
19,m
20,m
21,f
22,m
23,m
24,m
25,m
26,m
27,m
28,f
29,m
30,m
31,m
32,m
33,m
34,m
35,m
36,m
37,m
38,f
39,m
40,m
41,m
42,m
43,m
44,m
45,f
46,m
47,m
48,m
49,m
50,f
51,m
52,m
53,m
54,m
55,m
56,m
57,m
58,m
59,m
60,m
61,f
62,f
63,m
64,f
65,m
66,m
67,f
68,m
69,m
70,m
71,m
72,m
73,f
74,f
75,f
76,f
77,m
78,m
79,m
80,m
81,m
82,m
83,f
84,m
85,m
86,m
87,f
88,f
89,m
90,m
91,m
92,m
93,m
94,f
95,m
96,f
97,m
98,m
99,f
100,m
101,m
102,m
103,f
104,m
105,m
106,f
107,m
108,m
109,m
110,m
111,m
112,f
113,m
114,f
115,f
116,m
117,m
118,m
119,m
120,m
121,f
122,m
123,m
124,m
125,f
126,f
127,m
128,m
129,m
130,m
131,m
132,m
133,m
134,m
135,f
136,m
137,m
138,f
139,m
140,m
141,f
142,f
143,f
144,m
145,m
146,f
147,m
148,m
149,f
150,m
151,f
152,m
153,m
154,m
155,m
156,f
157,f
158,m
159,m
160,f
161,m
162,f
163,f
164,m
165,f
166,f
167,m
168,m
169,m
170,m
171,m
172,m
173,f
174,m
175,m
176,m
177,m
178,m
179,m
180,f
181,m
182,m
183,f
184,m
185,m
186,f
187,m
188,m
189,m
190,m
191,m
192,f
193,m
194,m
195,m
196,f
197,m
198,f
199,f
200,m
201,m
202,f
203,f
204,m
205,f
206,m
207,f
208,f
209,m
210,m
211,m
212,m
213,f
214,f
215,m
216,m
217,m
218,m
219,m
220,m
221,m
222,f
223,m
224,m
225,m
226,m
227,f
228,f
229,f
230,m
231,m
232,m
233,m
234,m
235,f
236,f
237,m
238,m
239,m
240,f
241,f
242,m
243,m
244,f
245,m
246,m
247,m
248,m
249,m
250,m
251,f
252,f
253,m
254,m
255,m
256,m
257,m
258,m
259,m
260,m
261,m
262,m
263,m
264,m
265,m
266,f
267,m
268,m
269,f
270,m
271,m
272,m
273,m
274,m
275,m
276,m
277,f
278,m
279,m
280,f
281,m
282,m
283,m
284,f
285,m
286,m
287,m
288,m
289,m
290,m
291,m
292,m
293,m
294,f
295,f
296,f
297,m
298,f
299,m
300,m
301,f
302,m
303,m
304,m
305,f
306,m
307,m
308,m
309,m
310,m
311,m
312,m
313,f
314,f
315,f
316,m
317,m
318,m
319,f
320,m
321,m
322,m
